#header: N, best P naive algorithm , best P for enhanced algorithm if any

####
10000     ,   [2],   XXX
20000     ,   [3],   XXX
30000     ,   [4],   XXX
40000     ,   [5],   XXX
50000     ,   [6],   XXX
60000     ,   [7],   XXX
70000     ,   [7],   XXX
80000     ,   [8],   XXX
90000     ,   [8],   XXX
100000    ,   [9],   XXX
110000    ,   [9],   XXX
120000    ,  [10],   XXX
130000    ,  [10],   XXX
140000    ,  [11],   XXX
150000    ,  [11],   XXX
160000    ,  [12],   XXX
170000    ,  [12],   XXX
180000    ,  [12],   XXX
190000    ,  [13],   XXX
200000    ,  [13],   XXX
210000    ,  [13],   XXX
220000    ,  [14],   XXX
230000    ,  [14],   XXX
240000    ,  [14],   XXX
250000    ,  [15],   XXX
260000    ,  [15],   XXX
270000    ,  [15],   XXX
280000    ,  [16],   XXX
290000    ,  [16],   XXX
300000    ,  [16],   XXX
310000    ,  [17],   XXX
320000    ,  [17],   XXX
330000    ,  [17],   XXX
340000    ,  [17],   XXX
350000    ,  [18],   XXX
360000    ,  [18],   XXX
370000    ,  [18],   XXX
380000    ,  [18],   XXX
390000    ,  [19],   XXX
400000    ,  [19],   XXX
410000    ,  [19],   XXX
420000    ,  [19],   XXX
430000    ,  [20],   XXX
440000    ,  [20],   XXX
450000    ,  [20],   XXX
460000    ,  [20],   XXX
470000    ,  [21],   XXX
480000    ,  [21],   XXX
490000    ,  [21],   XXX
500000    ,  [21],   XXX
510000    ,  [22],   XXX
520000    ,  [22],   XXX
530000    ,  [22],   XXX
540000    ,  [22],   XXX
550000    ,  [22],   XXX
560000    ,  [23],   XXX
570000    ,  [23],   XXX
580000    ,  [23],   XXX
590000    ,  [23],   XXX
600000    ,  [23],   XXX
610000    ,  [24],   XXX
620000    ,  [24],   XXX
630000    ,  [24],   XXX
640000    ,  [24],   XXX
650000    ,  [24],   XXX
660000    ,  [25],   XXX
670000    ,  [25],   XXX
680000    ,  [25],   XXX
690000    ,  [25],   XXX
700000    ,  [25],   XXX
710000    ,  [26],   XXX
720000    ,  [26],   XXX
730000    ,  [26],   XXX
740000    ,  [26],   XXX
750000    ,  [26],   XXX
760000    ,  [27],   XXX
770000    ,  [27],   XXX
780000    ,  [27],   XXX
790000    ,  [27],   XXX
800000    ,  [27],   XXX
810000    ,  [27],   XXX
820000    ,  [28],   XXX
830000    ,  [28],   XXX
840000    ,  [28],   XXX
850000    ,  [28],   XXX
860000    ,  [28],   XXX
870000    ,  [28],   XXX
880000    ,  [29],   XXX
890000    ,  [29],   XXX
900000    ,  [29],   XXX
910000    ,  [29],   XXX
920000    ,  [29],   XXX
930000    ,  [29],   XXX
940000    ,  [30],   XXX
950000    ,  [30],   XXX
960000    ,  [30],   XXX
970000    ,  [30],   XXX
980000    ,  [30],   XXX
990000    ,  [30],   XXX
1000000   ,  [31],   XXX
1010000   ,  [31],   XXX
1020000   ,  [31],   XXX
1030000   ,  [31],   XXX
1040000   ,  [31],   XXX
1050000   ,  [31],   XXX
1060000   ,  [32],   XXX
1070000   ,  [32],   XXX
1080000   ,  [32],   XXX
1090000   ,  [32],   XXX
1100000   ,  [32],   XXX
1110000   ,  [32],   XXX
1120000   ,  [32],   XXX
1130000   ,  [33],   XXX
1140000   ,  [33],   XXX
1150000   ,  [33],   XXX
1160000   ,  [33],   XXX
1170000   ,  [33],   XXX
1180000   ,  [33],   XXX
1190000   ,  [33],   XXX
1200000   ,  [34],   XXX
1210000   ,  [34],   XXX
1220000   ,  [34],   XXX
1230000   ,  [34],   XXX
1240000   ,  [34],   XXX
1250000   ,  [34],   XXX
1260000   ,  [34],   XXX
1270000   ,  [35],   XXX
1280000   ,  [35],   XXX
1290000   ,  [35],   XXX
1300000   ,  [35],   XXX
1310000   ,  [35],   XXX
1320000   ,  [35],   XXX
1330000   ,  [35],   XXX
1340000   ,  [36],   XXX
1350000   ,  [36],   XXX
1360000   ,  [36],   XXX
1370000   ,  [36],   XXX
1380000   ,  [36],   XXX
1390000   ,  [36],   XXX
1400000   ,  [36],   XXX
1410000   ,  [37],   XXX
1420000   ,  [37],   XXX
1430000   ,  [37],   XXX
1440000   ,  [37],   XXX
1450000   ,  [37],   XXX
1460000   ,  [37],   XXX
1470000   ,  [37],   XXX
1480000   ,  [37],   XXX
1490000   ,  [38],   XXX
1500000   ,  [38],   XXX
1510000   ,  [38],   XXX
1520000   ,  [38],   XXX
1530000   ,  [38],   XXX
1540000   ,  [38],   XXX
1550000   ,  [38],   XXX
1560000   ,  [38],   XXX
1570000   ,  [39],   XXX
1580000   ,  [39],   XXX
1590000   ,  [39],   XXX
1600000   ,  [39],   XXX
1610000   ,  [39],   XXX
1620000   ,  [39],   XXX
1630000   ,  [39],   XXX
1640000   ,  [39],   XXX
1650000   ,  [40],   XXX
1660000   ,  [40],   XXX
1670000   ,  [40],   XXX
1680000   ,  [40],   XXX
1690000   ,  [40],   XXX
1700000   ,  [40],   XXX
1710000   ,  [40],   XXX
1720000   ,  [40],   XXX
1730000   ,  [41],   XXX
1740000   ,  [41],   XXX
1750000   ,  [41],   XXX
1760000   ,  [41],   XXX
1770000   ,  [41],   XXX
1780000   ,  [41],   XXX
1790000   ,  [41],   XXX
1800000   ,  [41],   XXX
1810000   ,  [42],   XXX
1820000   ,  [42],   XXX
1830000   ,  [42],   XXX
1840000   ,  [42],   XXX
1850000   ,  [42],   XXX
1860000   ,  [42],   XXX
1870000   ,  [42],   XXX
1880000   ,  [42],   XXX
1890000   ,  [42],   XXX
1900000   ,  [43],   XXX
1910000   ,  [43],   XXX
1920000   ,  [43],   XXX
1930000   ,  [43],   XXX
1940000   ,  [43],   XXX
1950000   ,  [43],   XXX
1960000   ,  [43],   XXX
1970000   ,  [43],   XXX
1980000   ,  [43],   XXX
1990000   ,  [44],   XXX
2000000   ,  [44],   XXX
2010000   ,  [44],   XXX
2020000   ,  [44],   XXX
2030000   ,  [44],   XXX
2040000   ,  [44],   XXX
2050000   ,  [44],   XXX
2060000   ,  [44],   XXX
2070000   ,  [44],   XXX
2080000   ,  [45],   XXX
2090000   ,  [45],   XXX
2100000   ,  [45],   XXX
2110000   ,  [45],   XXX
2120000   ,  [45],   XXX
2130000   ,  [45],   XXX
2140000   ,  [45],   XXX
2150000   ,  [45],   XXX
2160000   ,  [45],   XXX
2170000   ,  [46],   XXX
2180000   ,  [46],   XXX
2190000   ,  [46],   XXX
2200000   ,  [46],   XXX
2210000   ,  [46],   XXX
2220000   ,  [46],   XXX
2230000   ,  [46],   XXX
2240000   ,  [46],   XXX
2250000   ,  [46],   XXX
2260000   ,  [47],   XXX
2270000   ,  [47],   XXX
2280000   ,  [47],   XXX
2290000   ,  [47],   XXX
2300000   ,  [47],   XXX
2310000   ,  [47],   XXX
2320000   ,  [47],   XXX
2330000   ,  [47],   XXX
2340000   ,  [47],   XXX
2350000   ,  [47],   XXX
2360000   ,  [48],   XXX
2370000   ,  [48],   XXX
2380000   ,  [48],   XXX
2390000   ,  [48],   XXX
2400000   ,  [48],   XXX
2410000   ,  [48],   XXX
2420000   ,  [48],   XXX
2430000   ,  [48],   XXX
2440000   ,  [48],   XXX
2450000   ,  [48],   XXX
2460000   ,  [49],   XXX
2470000   ,  [49],   XXX
2480000   ,  [49],   XXX
2490000   ,  [49],   XXX
2500000   ,  [49],   XXX
2510000   ,  [49],   XXX
2520000   ,  [49],   XXX
2530000   ,  [49],   XXX
2540000   ,  [49],   XXX
2550000   ,  [49],   XXX
2560000   ,  [50],   XXX
2570000   ,  [50],   XXX
2580000   ,  [50],   XXX
2590000   ,  [50],   XXX
2600000   ,  [50],   XXX
2610000   ,  [50],   XXX
2620000   ,  [50],   XXX
2630000   ,  [50],   XXX
2640000   ,  [50],   XXX
2650000   ,  [50],   XXX
2660000   ,  [51],   XXX
2670000   ,  [51],   XXX
2680000   ,  [51],   XXX
2690000   ,  [51],   XXX
2700000   ,  [51],   XXX
2710000   ,  [51],   XXX
2720000   ,  [51],   XXX
2730000   ,  [51],   XXX
2740000   ,  [51],   XXX
2750000   ,  [51],   XXX
2760000   ,  [52],   XXX
2770000   ,  [52],   XXX
2780000   ,  [52],   XXX
2790000   ,  [52],   XXX
2800000   ,  [52],   XXX
2810000   ,  [52],   XXX
2820000   ,  [52],   XXX
2830000   ,  [52],   XXX
2840000   ,  [52],   XXX
2850000   ,  [52],   XXX
2860000   ,  [52],   XXX
2870000   ,  [53],   XXX
2880000   ,  [53],   XXX
2890000   ,  [53],   XXX
2900000   ,  [53],   XXX
2910000   ,  [53],   XXX
2920000   ,  [53],   XXX
2930000   ,  [53],   XXX
2940000   ,  [53],   XXX
2950000   ,  [53],   XXX
2960000   ,  [53],   XXX
2970000   ,  [53],   XXX
2980000   ,  [54],   XXX
2990000   ,  [54],   XXX
3000000   ,  [54],   XXX
3010000   ,  [54],   XXX
3020000   ,  [54],   XXX
3030000   ,  [54],   XXX
3040000   ,  [54],   XXX
3050000   ,  [54],   XXX
3060000   ,  [54],   XXX
3070000   ,  [54],   XXX
3080000   ,  [54],   XXX
3090000   ,  [55],   XXX
3100000   ,  [55],   XXX
3110000   ,  [55],   XXX
3120000   ,  [55],   XXX
3130000   ,  [55],   XXX
3140000   ,  [55],   XXX
3150000   ,  [55],   XXX
3160000   ,  [55],   XXX
3170000   ,  [55],   XXX
3180000   ,  [55],   XXX
3190000   ,  [55],   XXX
3200000   ,  [56],   XXX
3210000   ,  [56],   XXX
3220000   ,  [56],   XXX
3230000   ,  [56],   XXX
3240000   ,  [56],   XXX
3250000   ,  [56],   XXX
3260000   ,  [56],   XXX
3270000   ,  [56],   XXX
3280000   ,  [56],   XXX
3290000   ,  [56],   XXX
3300000   ,  [56],   XXX
3310000   ,  [57],   XXX
3320000   ,  [57],   XXX
3330000   ,  [57],   XXX
3340000   ,  [57],   XXX
3350000   ,  [57],   XXX
3360000   ,  [57],   XXX
3370000   ,  [57],   XXX
3380000   ,  [57],   XXX
3390000   ,  [57],   XXX
3400000   ,  [57],   XXX
3410000   ,  [57],   XXX
3420000   ,  [57],   XXX
3430000   ,  [58],   XXX
3440000   ,  [58],   XXX
3450000   ,  [58],   XXX
3460000   ,  [58],   XXX
3470000   ,  [58],   XXX
3480000   ,  [58],   XXX
3490000   ,  [58],   XXX
3500000   ,  [58],   XXX
3510000   ,  [58],   XXX
3520000   ,  [58],   XXX
3530000   ,  [58],   XXX
3540000   ,  [58],   XXX
3550000   ,  [59],   XXX
3560000   ,  [59],   XXX
3570000   ,  [59],   XXX
3580000   ,  [59],   XXX
3590000   ,  [59],   XXX
3600000   ,  [59],   XXX
3610000   ,  [59],   XXX
3620000   ,  [59],   XXX
3630000   ,  [59],   XXX
3640000   ,  [59],   XXX
3650000   ,  [59],   XXX
3660000   ,  [59],   XXX
3670000   ,  [60],   XXX
3680000   ,  [60],   XXX
3690000   ,  [60],   XXX
3700000   ,  [60],   XXX
3710000   ,  [60],   XXX
3720000   ,  [60],   XXX
3730000   ,  [60],   XXX
3740000   ,  [60],   XXX
3750000   ,  [60],   XXX
3760000   ,  [60],   XXX
3770000   ,  [60],   XXX
3780000   ,  [60],   XXX
3790000   ,  [61],   XXX
3800000   ,  [61],   XXX
3810000   ,  [61],   XXX
3820000   ,  [61],   XXX
3830000   ,  [61],   XXX
3840000   ,  [61],   XXX
3850000   ,  [61],   XXX
3860000   ,  [61],   XXX
3870000   ,  [61],   XXX
3880000   ,  [61],   XXX
3890000   ,  [61],   XXX
3900000   ,  [61],   XXX
3910000   ,  [62],   XXX
3920000   ,  [62],   XXX
3930000   ,  [62],   XXX
3940000   ,  [62],   XXX
3950000   ,  [62],   XXX
3960000   ,  [62],   XXX
3970000   ,  [62],   XXX
3980000   ,  [62],   XXX
3990000   ,  [62],   XXX
4000000   ,  [62],   XXX
4010000   ,  [62],   XXX
4020000   ,  [62],   XXX
4030000   ,  [62],   XXX
4040000   ,  [63],   XXX
4050000   ,  [63],   XXX
4060000   ,  [63],   XXX
4070000   ,  [63],   XXX
4080000   ,  [63],   XXX
4090000   ,  [63],   XXX
4100000   ,  [63],   XXX
4110000   ,  [63],   XXX
4120000   ,  [63],   XXX
4130000   ,  [63],   XXX
4140000   ,  [63],   XXX
4150000   ,  [63],   XXX
4160000   ,  [63],   XXX
4170000   ,  [64],   XXX
4180000   ,  [64],   XXX
4190000   ,  [64],   XXX
4200000   ,  [64],   XXX
4210000   ,  [64],   XXX
4220000   ,  [64],   XXX
4230000   ,  [64],   XXX
4240000   ,  [64],   XXX
4250000   ,  [64],   XXX
4260000   ,  [64],   XXX
4270000   ,  [64],   XXX
4280000   ,  [64],   XXX
4290000   ,  [64],   XXX
4300000   ,  [65],   XXX
4310000   ,  [65],   XXX
4320000   ,  [65],   XXX
4330000   ,  [65],   XXX
4340000   ,  [65],   XXX
4350000   ,  [65],   XXX
4360000   ,  [65],   XXX
4370000   ,  [65],   XXX
4380000   ,  [65],   XXX
4390000   ,  [65],   XXX
4400000   ,  [65],   XXX
4410000   ,  [65],   XXX
4420000   ,  [65],   XXX
4430000   ,  [66],   XXX
4440000   ,  [66],   XXX
4450000   ,  [66],   XXX
4460000   ,  [66],   XXX
4470000   ,  [66],   XXX
4480000   ,  [66],   XXX
4490000   ,  [66],   XXX
4500000   ,  [66],   XXX
4510000   ,  [66],   XXX
4520000   ,  [66],   XXX
4530000   ,  [66],   XXX
4540000   ,  [66],   XXX
4550000   ,  [66],   XXX
4560000   ,  [66],   XXX
4570000   ,  [67],   XXX
4580000   ,  [67],   XXX
4590000   ,  [67],   XXX
4600000   ,  [67],   XXX
4610000   ,  [67],   XXX
4620000   ,  [67],   XXX
4630000   ,  [67],   XXX
4640000   ,  [67],   XXX
4650000   ,  [67],   XXX
4660000   ,  [67],   XXX
4670000   ,  [67],   XXX
4680000   ,  [67],   XXX
4690000   ,  [67],   XXX
4700000   ,  [68],   XXX
4710000   ,  [68],   XXX
4720000   ,  [68],   XXX
4730000   ,  [68],   XXX
4740000   ,  [68],   XXX
4750000   ,  [68],   XXX
4760000   ,  [68],   XXX
4770000   ,  [68],   XXX
4780000   ,  [68],   XXX
4790000   ,  [68],   XXX
4800000   ,  [68],   XXX
4810000   ,  [68],   XXX
4820000   ,  [68],   XXX
4830000   ,  [68],   XXX
4840000   ,  [69],   XXX
4850000   ,  [69],   XXX
4860000   ,  [69],   XXX
4870000   ,  [69],   XXX
4880000   ,  [69],   XXX
4890000   ,  [69],   XXX
4900000   ,  [69],   XXX
4910000   ,  [69],   XXX
4920000   ,  [69],   XXX
4930000   ,  [69],   XXX
4940000   ,  [69],   XXX
4950000   ,  [69],   XXX
4960000   ,  [69],   XXX
4970000   ,  [69],   XXX
4980000   ,  [70],   XXX
4990000   ,  [70],   XXX
5000000   ,  [70],   XXX
5010000   ,  [70],   XXX
5020000   ,  [70],   XXX
5030000   ,  [70],   XXX
5040000   ,  [70],   XXX
5050000   ,  [70],   XXX
5060000   ,  [70],   XXX
5070000   ,  [70],   XXX
5080000   ,  [70],   XXX
5090000   ,  [70],   XXX
5100000   ,  [70],   XXX
5110000   ,  [70],   XXX
5120000   ,  [71],   XXX
5130000   ,  [71],   XXX
5140000   ,  [71],   XXX
5150000   ,  [71],   XXX
5160000   ,  [71],   XXX
5170000   ,  [71],   XXX
5180000   ,  [71],   XXX
5190000   ,  [71],   XXX
5200000   ,  [71],   XXX
5210000   ,  [71],   XXX
5220000   ,  [71],   XXX
5230000   ,  [71],   XXX
5240000   ,  [71],   XXX
5250000   ,  [71],   XXX
5260000   ,  [71],   XXX
5270000   ,  [72],   XXX
5280000   ,  [72],   XXX
5290000   ,  [72],   XXX
5300000   ,  [72],   XXX
5310000   ,  [72],   XXX
5320000   ,  [72],   XXX
5330000   ,  [72],   XXX
5340000   ,  [72],   XXX
5350000   ,  [72],   XXX
5360000   ,  [72],   XXX
5370000   ,  [72],   XXX
5380000   ,  [72],   XXX
5390000   ,  [72],   XXX
5400000   ,  [72],   XXX
5410000   ,  [73],   XXX
5420000   ,  [73],   XXX
5430000   ,  [73],   XXX
5440000   ,  [73],   XXX
5450000   ,  [73],   XXX
5460000   ,  [73],   XXX
5470000   ,  [73],   XXX
5480000   ,  [73],   XXX
5490000   ,  [73],   XXX
5500000   ,  [73],   XXX
5510000   ,  [73],   XXX
5520000   ,  [73],   XXX
5530000   ,  [73],   XXX
5540000   ,  [73],   XXX
5550000   ,  [73],   XXX
5560000   ,  [74],   XXX
5570000   ,  [74],   XXX
5580000   ,  [74],   XXX
5590000   ,  [74],   XXX
5600000   ,  [74],   XXX
5610000   ,  [74],   XXX
5620000   ,  [74],   XXX
5630000   ,  [74],   XXX
5640000   ,  [74],   XXX
5650000   ,  [74],   XXX
5660000   ,  [74],   XXX
5670000   ,  [74],   XXX
5680000   ,  [74],   XXX
5690000   ,  [74],   XXX
5700000   ,  [74],   XXX
5710000   ,  [75],   XXX
5720000   ,  [75],   XXX
5730000   ,  [75],   XXX
5740000   ,  [75],   XXX
5750000   ,  [75],   XXX
5760000   ,  [75],   XXX
5770000   ,  [75],   XXX
5780000   ,  [75],   XXX
5790000   ,  [75],   XXX
5800000   ,  [75],   XXX
5810000   ,  [75],   XXX
5820000   ,  [75],   XXX
5830000   ,  [75],   XXX
5840000   ,  [75],   XXX
5850000   ,  [75],   XXX
5860000   ,  [76],   XXX
5870000   ,  [76],   XXX
5880000   ,  [76],   XXX
5890000   ,  [76],   XXX
5900000   ,  [76],   XXX
5910000   ,  [76],   XXX
5920000   ,  [76],   XXX
5930000   ,  [76],   XXX
5940000   ,  [76],   XXX
5950000   ,  [76],   XXX
5960000   ,  [76],   XXX
5970000   ,  [76],   XXX
5980000   ,  [76],   XXX
5990000   ,  [76],   XXX
6000000   ,  [76],   XXX
6010000   ,  [76],   XXX
6020000   ,  [77],   XXX
6030000   ,  [77],   XXX
6040000   ,  [77],   XXX
6050000   ,  [77],   XXX
6060000   ,  [77],   XXX
6070000   ,  [77],   XXX
6080000   ,  [77],   XXX
6090000   ,  [77],   XXX
6100000   ,  [77],   XXX
6110000   ,  [77],   XXX
6120000   ,  [77],   XXX
6130000   ,  [77],   XXX
6140000   ,  [77],   XXX
6150000   ,  [77],   XXX
6160000   ,  [77],   XXX
6170000   ,  [78],   XXX
6180000   ,  [78],   XXX
6190000   ,  [78],   XXX
6200000   ,  [78],   XXX
6210000   ,  [78],   XXX
6220000   ,  [78],   XXX
6230000   ,  [78],   XXX
6240000   ,  [78],   XXX
6250000   ,  [78],   XXX
6260000   ,  [78],   XXX
6270000   ,  [78],   XXX
6280000   ,  [78],   XXX
6290000   ,  [78],   XXX
6300000   ,  [78],   XXX
6310000   ,  [78],   XXX
6320000   ,  [78],   XXX
6330000   ,  [79],   XXX
6340000   ,  [79],   XXX
6350000   ,  [79],   XXX
6360000   ,  [79],   XXX
6370000   ,  [79],   XXX
6380000   ,  [79],   XXX
6390000   ,  [79],   XXX
6400000   ,  [79],   XXX
6410000   ,  [79],   XXX
6420000   ,  [79],   XXX
6430000   ,  [79],   XXX
6440000   ,  [79],   XXX
6450000   ,  [79],   XXX
6460000   ,  [79],   XXX
6470000   ,  [79],   XXX
6480000   ,  [79],   XXX
6490000   ,  [80],   XXX
6500000   ,  [80],   XXX
6510000   ,  [80],   XXX
6520000   ,  [80],   XXX
6530000   ,  [80],   XXX
6540000   ,  [80],   XXX
6550000   ,  [80],   XXX
6560000   ,  [80],   XXX
6570000   ,  [80],   XXX
6580000   ,  [80],   XXX
6590000   ,  [80],   XXX
6600000   ,  [80],   XXX
6610000   ,  [80],   XXX
6620000   ,  [80],   XXX
6630000   ,  [80],   XXX
6640000   ,  [80],   XXX
6650000   ,  [81],   XXX
6660000   ,  [81],   XXX
6670000   ,  [81],   XXX
6680000   ,  [81],   XXX
6690000   ,  [81],   XXX
6700000   ,  [81],   XXX
6710000   ,  [81],   XXX
6720000   ,  [81],   XXX
6730000   ,  [81],   XXX
6740000   ,  [81],   XXX
6750000   ,  [81],   XXX
6760000   ,  [81],   XXX
6770000   ,  [81],   XXX
6780000   ,  [81],   XXX
6790000   ,  [81],   XXX
6800000   ,  [81],   XXX
6810000   ,  [81],   XXX
6820000   ,  [82],   XXX
6830000   ,  [82],   XXX
6840000   ,  [82],   XXX
6850000   ,  [82],   XXX
6860000   ,  [82],   XXX
6870000   ,  [82],   XXX
6880000   ,  [82],   XXX
6890000   ,  [82],   XXX
6900000   ,  [82],   XXX
6910000   ,  [82],   XXX
6920000   ,  [82],   XXX
6930000   ,  [82],   XXX
6940000   ,  [82],   XXX
6950000   ,  [82],   XXX
6960000   ,  [82],   XXX
6970000   ,  [82],   XXX
6980000   ,  [83],   XXX
6990000   ,  [83],   XXX
7000000   ,  [83],   XXX
7010000   ,  [83],   XXX
7020000   ,  [83],   XXX
7030000   ,  [83],   XXX
7040000   ,  [83],   XXX
7050000   ,  [83],   XXX
7060000   ,  [83],   XXX
7070000   ,  [83],   XXX
7080000   ,  [83],   XXX
7090000   ,  [83],   XXX
7100000   ,  [83],   XXX
7110000   ,  [83],   XXX
7120000   ,  [83],   XXX
7130000   ,  [83],   XXX
7140000   ,  [83],   XXX
7150000   ,  [84],   XXX
7160000   ,  [84],   XXX
7170000   ,  [84],   XXX
7180000   ,  [84],   XXX
7190000   ,  [84],   XXX
7200000   ,  [84],   XXX
7210000   ,  [84],   XXX
7220000   ,  [84],   XXX
7230000   ,  [84],   XXX
7240000   ,  [84],   XXX
7250000   ,  [84],   XXX
7260000   ,  [84],   XXX
7270000   ,  [84],   XXX
7280000   ,  [84],   XXX
7290000   ,  [84],   XXX
7300000   ,  [84],   XXX
7310000   ,  [84],   XXX
7320000   ,  [85],   XXX
7330000   ,  [85],   XXX
7340000   ,  [85],   XXX
7350000   ,  [85],   XXX
7360000   ,  [85],   XXX
7370000   ,  [85],   XXX
7380000   ,  [85],   XXX
7390000   ,  [85],   XXX
7400000   ,  [85],   XXX
7410000   ,  [85],   XXX
7420000   ,  [85],   XXX
7430000   ,  [85],   XXX
7440000   ,  [85],   XXX
7450000   ,  [85],   XXX
7460000   ,  [85],   XXX
7470000   ,  [85],   XXX
7480000   ,  [85],   XXX
7490000   ,  [86],   XXX
7500000   ,  [86],   XXX
7510000   ,  [86],   XXX
7520000   ,  [86],   XXX
7530000   ,  [86],   XXX
7540000   ,  [86],   XXX
7550000   ,  [86],   XXX
7560000   ,  [86],   XXX
7570000   ,  [86],   XXX
7580000   ,  [86],   XXX
7590000   ,  [86],   XXX
7600000   ,  [86],   XXX
7610000   ,  [86],   XXX
7620000   ,  [86],   XXX
7630000   ,  [86],   XXX
7640000   ,  [86],   XXX
7650000   ,  [86],   XXX
7660000   ,  [86],   XXX
7670000   ,  [87],   XXX
7680000   ,  [87],   XXX
7690000   ,  [87],   XXX
7700000   ,  [87],   XXX
7710000   ,  [87],   XXX
7720000   ,  [87],   XXX
7730000   ,  [87],   XXX
7740000   ,  [87],   XXX
7750000   ,  [87],   XXX
7760000   ,  [87],   XXX
7770000   ,  [87],   XXX
7780000   ,  [87],   XXX
7790000   ,  [87],   XXX
7800000   ,  [87],   XXX
7810000   ,  [87],   XXX
7820000   ,  [87],   XXX
7830000   ,  [87],   XXX
7840000   ,  [88],   XXX
7850000   ,  [88],   XXX
7860000   ,  [88],   XXX
7870000   ,  [88],   XXX
7880000   ,  [88],   XXX
7890000   ,  [88],   XXX
7900000   ,  [88],   XXX
7910000   ,  [88],   XXX
7920000   ,  [88],   XXX
7930000   ,  [88],   XXX
7940000   ,  [88],   XXX
7950000   ,  [88],   XXX
7960000   ,  [88],   XXX
7970000   ,  [88],   XXX
7980000   ,  [88],   XXX
7990000   ,  [88],   XXX
8000000   ,  [88],   XXX
8010000   ,  [88],   XXX
8020000   ,  [89],   XXX
8030000   ,  [89],   XXX
8040000   ,  [89],   XXX
8050000   ,  [89],   XXX
8060000   ,  [89],   XXX
8070000   ,  [89],   XXX
8080000   ,  [89],   XXX
8090000   ,  [89],   XXX
8100000   ,  [89],   XXX
8110000   ,  [89],   XXX
8120000   ,  [89],   XXX
8130000   ,  [89],   XXX
8140000   ,  [89],   XXX
8150000   ,  [89],   XXX
8160000   ,  [89],   XXX
8170000   ,  [89],   XXX
8180000   ,  [89],   XXX
8190000   ,  [89],   XXX
8200000   ,  [90],   XXX
8210000   ,  [90],   XXX
8220000   ,  [90],   XXX
8230000   ,  [90],   XXX
8240000   ,  [90],   XXX
8250000   ,  [90],   XXX
8260000   ,  [90],   XXX
8270000   ,  [90],   XXX
8280000   ,  [90],   XXX
8290000   ,  [90],   XXX
8300000   ,  [90],   XXX
8310000   ,  [90],   XXX
8320000   ,  [90],   XXX
8330000   ,  [90],   XXX
8340000   ,  [90],   XXX
8350000   ,  [90],   XXX
8360000   ,  [90],   XXX
8370000   ,  [90],   XXX
8380000   ,  [90],   XXX
8390000   ,  [91],   XXX
8400000   ,  [91],   XXX
8410000   ,  [91],   XXX
8420000   ,  [91],   XXX
8430000   ,  [91],   XXX
8440000   ,  [91],   XXX
8450000   ,  [91],   XXX
8460000   ,  [91],   XXX
8470000   ,  [91],   XXX
8480000   ,  [91],   XXX
8490000   ,  [91],   XXX
8500000   ,  [91],   XXX
8510000   ,  [91],   XXX
8520000   ,  [91],   XXX
8530000   ,  [91],   XXX
8540000   ,  [91],   XXX
8550000   ,  [91],   XXX
8560000   ,  [91],   XXX
8570000   ,  [92],   XXX
8580000   ,  [92],   XXX
8590000   ,  [92],   XXX
8600000   ,  [92],   XXX
8610000   ,  [92],   XXX
8620000   ,  [92],   XXX
8630000   ,  [92],   XXX
8640000   ,  [92],   XXX
8650000   ,  [92],   XXX
8660000   ,  [92],   XXX
8670000   ,  [92],   XXX
8680000   ,  [92],   XXX
8690000   ,  [92],   XXX
8700000   ,  [92],   XXX
8710000   ,  [92],   XXX
8720000   ,  [92],   XXX
8730000   ,  [92],   XXX
8740000   ,  [92],   XXX
8750000   ,  [92],   XXX
8760000   ,  [93],   XXX
8770000   ,  [93],   XXX
8780000   ,  [93],   XXX
8790000   ,  [93],   XXX
8800000   ,  [93],   XXX
8810000   ,  [93],   XXX
8820000   ,  [93],   XXX
8830000   ,  [93],   XXX
8840000   ,  [93],   XXX
8850000   ,  [93],   XXX
8860000   ,  [93],   XXX
8870000   ,  [93],   XXX
8880000   ,  [93],   XXX
8890000   ,  [93],   XXX
8900000   ,  [93],   XXX
8910000   ,  [93],   XXX
8920000   ,  [93],   XXX
8930000   ,  [93],   XXX
8940000   ,  [94],   XXX
8950000   ,  [94],   XXX
8960000   ,  [94],   XXX
8970000   ,  [94],   XXX
8980000   ,  [94],   XXX
8990000   ,  [94],   XXX
9000000   ,  [94],   XXX
9010000   ,  [94],   XXX
9020000   ,  [94],   XXX
9030000   ,  [94],   XXX
9040000   ,  [94],   XXX
9050000   ,  [94],   XXX
9060000   ,  [94],   XXX
9070000   ,  [94],   XXX
9080000   ,  [94],   XXX
9090000   ,  [94],   XXX
9100000   ,  [94],   XXX
9110000   ,  [94],   XXX
9120000   ,  [94],   XXX
9130000   ,  [95],   XXX
9140000   ,  [95],   XXX
9150000   ,  [95],   XXX
9160000   ,  [95],   XXX
9170000   ,  [95],   XXX
9180000   ,  [95],   XXX
9190000   ,  [95],   XXX
9200000   ,  [95],   XXX
9210000   ,  [95],   XXX
9220000   ,  [95],   XXX
9230000   ,  [95],   XXX
9240000   ,  [95],   XXX
9250000   ,  [95],   XXX
9260000   ,  [95],   XXX
9270000   ,  [95],   XXX
9280000   ,  [95],   XXX
9290000   ,  [95],   XXX
9300000   ,  [95],   XXX
9310000   ,  [95],   XXX
9320000   ,  [95],   XXX
9330000   ,  [96],   XXX
9340000   ,  [96],   XXX
9350000   ,  [96],   XXX
9360000   ,  [96],   XXX
9370000   ,  [96],   XXX
9380000   ,  [96],   XXX
9390000   ,  [96],   XXX
9400000   ,  [96],   XXX
9410000   ,  [96],   XXX
9420000   ,  [96],   XXX
9430000   ,  [96],   XXX
9440000   ,  [96],   XXX
9450000   ,  [96],   XXX
9460000   ,  [96],   XXX
9470000   ,  [96],   XXX
9480000   ,  [96],   XXX
9490000   ,  [96],   XXX
9500000   ,  [96],   XXX
9510000   ,  [96],   XXX
9520000   ,  [97],   XXX
9530000   ,  [97],   XXX
9540000   ,  [97],   XXX
9550000   ,  [97],   XXX
9560000   ,  [97],   XXX
9570000   ,  [97],   XXX
9580000   ,  [97],   XXX
9590000   ,  [97],   XXX
9600000   ,  [97],   XXX
9610000   ,  [97],   XXX
9620000   ,  [97],   XXX
9630000   ,  [97],   XXX
9640000   ,  [97],   XXX
9650000   ,  [97],   XXX
9660000   ,  [97],   XXX
9670000   ,  [97],   XXX
9680000   ,  [97],   XXX
9690000   ,  [97],   XXX
9700000   ,  [97],   XXX
9710000   ,  [97],   XXX
9720000   ,  [98],   XXX
9730000   ,  [98],   XXX
9740000   ,  [98],   XXX
9750000   ,  [98],   XXX
9760000   ,  [98],   XXX
9770000   ,  [98],   XXX
9780000   ,  [98],   XXX
9790000   ,  [98],   XXX
9800000   ,  [98],   XXX
9810000   ,  [98],   XXX
9820000   ,  [98],   XXX
9830000   ,  [98],   XXX
9840000   ,  [98],   XXX
9850000   ,  [98],   XXX
9860000   ,  [98],   XXX
9870000   ,  [98],   XXX
9880000   ,  [98],   XXX
9890000   ,  [98],   XXX
9900000   ,  [98],   XXX
9910000   ,  [99],   XXX
9920000   ,  [99],   XXX
9930000   ,  [99],   XXX
9940000   ,  [99],   XXX
9950000   ,  [99],   XXX
9960000   ,  [99],   XXX
9970000   ,  [99],   XXX
9980000   ,  [99],   XXX
9990000   ,  [99],   XXX
10000000  ,  [99],   XXX
